code,category,scientific_name,common_name,definition
ANPA,species,Antrozous pallidus,pallid bat,
ANTPAL,species,Antrozous pallidus,pallid bat,
ARJA,species,Artibeus jamaicensis,Jamaican fruit-eating bat,
ARTJAM,species,Artibeus jamaicensis,Jamaican fruit-eating bat,
BRCA,species,Brachyphylla cavernarum,Antillean fruit-eating bat,
BRACAV,species,Brachyphylla cavernarum,Antillean fruit-eating bat,
CHME,species,Choeronycteris mexicana,Mexican long-tongued bat,
CHOMEX,species,Choeronycteris mexicana,Mexican long-tongued bat,
CORA,species,Corynorhinus rafinesquii,Rafinesque's big-eared bat,
CORRAF,species,Corynorhinus rafinesquii,Rafinesque's big-eared bat,
COTO,species,Corynorhinus townsendii,Townsend's big-eared bat,
CORTOW,species,Corynorhinus townsendii,Townsend's big-eared bat,
COTI,species,Corynorhinus townsendii ingens,Ozark big-eared bat,
COTOIN,species,Corynorhinus townsendii ingens,Ozark big-eared bat,
COTV,species,Corynorhinus townsendii virginianus,Virginia big-eared bat,
COTOVI,species,Corynorhinus townsendii virginianus,Virginia big-eared bat,
DIEC,species,Diphylla ecaudata,hairy-legged vampire bat,
DIPECA,species,Diphylla ecaudata,hairy-legged vampire bat,
EPFU,species,Eptesicus fuscus,big brown bat,
EPTFUS,species,Eptesicus fuscus,big brown bat,
EUMA,species,Euderma maculatum,spotted bat,
EUDMAC,species,Euderma maculatum,spotted bat,
EUFL,species,Eumops floridanus,Florida bonneted bat,
EUMFLO,species,Eumops floridanus,Florida bonneted bat,
EUPE,species,Eumops perotis,greater bonneted bat,
EUMPER,species,Eumops perotis,greater bonneted bat,
EUUN,species,Eumops underwoodi,Underwood's bonneted bat,
EUMUND,species,Eumops underwoodi,Underwood's bonneted bat,
IDPH,species,Idionycteris phyllotis,Allen's big-eared bat,
IDIPHY,species,Idionycteris phyllotis,Allen's big-eared bat,
LANO,species,Lasionycteris noctivagans,silver-haired bat,
LASNOC,species,Lasionycteris noctivagans,silver-haired bat,
LABO,species,Lasiurus borealis,eastern red bat,
LASBOR,species,Lasiurus borealis,eastern red bat,
LACI,species,Lasiurus cinereus,hoary bat,
LASCIN,species,Lasiurus cinereus,hoary bat,
LACS,species,Lasiurus cinereus semotus,ʻōpeʻapeʻa; Hawaiian hoary bat,
LACISE,species,Lasiurus cinereus semotus,ʻōpeʻapeʻa; Hawaiian hoary bat,
LAEG,species,Lasiurus ega,southern yellow bat,
LASEGA,species,Lasiurus ega,southern yellow bat,
LAFR,species,Lasiurus frantzii,desert red bat,
LASFRA,species,Lasiurus frantzii,desert red bat,
LAIN,species,Lasiurus intermedius,northern yellow bat,
LASINT,species,Lasiurus intermedius,northern yellow bat,
LAMI,species,Lasiurus minor,minor red bat,
LASMIN,species,Lasiurus minor,minor red bat,
LASE,species,Lasiurus seminolus,Seminole bat,
LASSEM,species,Lasiurus seminolus,Seminole bat,
LAXA,species,Lasiurus xanthinus,western yellow bat,
LASXAN,species,Lasiurus xanthinus,western yellow bat,
LENI,species,Leptonycteris nivalis,Mexican long-nosed bat,
LEPNIV,species,Leptonycteris nivalis,Mexican long-nosed bat,
LEYE,species,Leptonycteris yerbabuenae,lesser long-nosed bat,
LEPYER,species,Leptonycteris yerbabuenae,lesser long-nosed bat,
MACA,species,Macrotus californicus,California leaf-nosed bat,
MACCAL,species,Macrotus californicus,California leaf-nosed bat,
MOMO,species,Molossus molossus,Pallas' mastiff bat,
MOLMOL,species,Molossus molossus,Pallas' mastiff bat,
MOME,species,Mormoops megalophylla,Peter's ghost-faced bat,
MORMEG,species,Mormoops megalophylla,Peter's ghost-faced bat,
MYAR,species,Myotis auriculus,southwestern myotis,
MYOAUR,species,Myotis auriculus,southwestern myotis,
MYAU,species,Myotis austroriparius,southeastern myotis,
MYOAUS,species,Myotis austroriparius,southeastern myotis,
MYCA,species,Myotis californicus,California myotis,
MYOCAL,species,Myotis californicus,California myotis,
MYCI,species,Myotis ciliolabrum,western small-footed myotis,
MYOCIL,species,Myotis ciliolabrum,western small-footed myotis,
MYEV,species,Myotis evotis,long-eared myotis,
MYOEVO,species,Myotis evotis,long-eared myotis,
MYGR,species,Myotis grisescens,gray bat,
MYOGRI,species,Myotis grisescens,gray bat,
MYKE,species,Myotis keenii,Keen's myotis,
MYOKEE,species,Myotis keenii,Keen's myotis,
MYLE,species,Myotis leibii,eastern small-footed myotis,
MYOLEI,species,Myotis leibii,eastern small-footed myotis,
MYLU,species,Myotis lucifugus,little brown bat,
MYOLUC,species,Myotis lucifugus,little brown bat,
MYOC,species,Myotis occultus,Arizona myotis,
MYOOCC,species,Myotis occultus,Arizona myotis,
MYSE,species,Myotis septentrionalis,northern long-eared bat,
MYOSEP,species,Myotis septentrionalis,northern long-eared bat,
MYSO,species,Myotis sodalis,Indiana bat,
MYOSOD,species,Myotis sodalis,Indiana bat,
MYTH,species,Myotis thysanodes,fringed myotis,
MYOTHY,species,Myotis thysanodes,fringed myotis,
MYVE,species,Myotis velifer,cave bat myotis,
MYOVEL,species,Myotis velifer,cave bat myotis,
MYVO,species,Myotis volans,long-legged myotis,
MYOVOL,species,Myotis volans,long-legged myotis,
MYYU,species,Myotis yumanensis,Yuma myotis,
MYOYUM,species,Myotis yumanensis,Yuma myotis,
NOLE,species,Noctilio leporinus,greater bulldog bat,
NOCLEP,species,Noctilio leporinus,greater bulldog bat,
NYHU,species,Nycticeius humeralis,evening bat,
NYCHUM,species,Nycticeius humeralis,evening bat,
NYFE,species,Nyctinomops femorosaccus,pocketed free-tailed bat,
NYCFEM,species,Nyctinomops femorosaccus,pocketed free-tailed bat,
NYMA,species,Nyctinomops macrotis,big free-tailed bat,
NYCMAC,species,Nyctinomops macrotis,big free-tailed bat,
PAHE,species,Parastrellus hesperus,canyon bat,
PARHES,species,Parastrellus hesperus,canyon bat,
PESU,species,Perimyotis subflavus,tri-colored bat,
PERSUB,species,Perimyotis subflavus,tri-colored bat,
STRU,species,Stenoderma rufum,red fruit bat,
STERUF,species,Stenoderma rufum,red fruit bat,
TABR,species,Tadarida brasiliensis,Brazilian free-tailed bat,
TADBRA,species,Tadarida brasiliensis,Brazilian free-tailed bat,
ANPAEPFU,grouping,"Antrozous pallidus, Eptesicus fuscus","pallid bat, big brown bat",
CORACOTO,grouping,"Corynorhinus rafinesquii, Corynorhinus townsendii","Rafinesque's big-eared bat, Townsend's big-eared bat",
CORACOTI,grouping,"Corynorhinus rafinesquii, Corynorhinus townsendii ingens","Rafinesque's big-eared bat, Ozark big-eared bat",
CORACOTV,grouping,"Corynorhinus rafinesquii, Corynorhinus townsendii virginianus","Rafinesque's big-eared bat, Virginia big-eared bat",
EPFULANO,grouping,"Eptesicus fuscus, Lasionycteris noctivagans","big brown bat, silver-haired bat",
EPFULABO,grouping,"Eptesicus fuscus, Lasiurus borealis","big brown bat, eastern red bat",
EPFULACI,grouping,"Eptesicus fuscus, Lasiurus cinereus","big bat, hoary bat",
EPFULAXA,grouping,"Eptesicus fuscus, Lasiurus xanthinus","big brown bat, western yellow bat",
EPFUMYLU,grouping,"Eptesicus fuscus, Myotis lucifugus","big brown bat, little brown bat",
EPFUNYHU,grouping,"Eptesicus fuscus, Nycticeius humeralis","big brown bat, evening bat",
EPFUTABR,grouping,"Eptesicus fuscus, Tadarida brasiliensis","big brown bat, Brazilian free-tailed bat",
EUMAEUPE,grouping,"Euderma maculatum, Eumops perotis","spotted bat, greater bonneted bat",
EUMAIDPH,grouping,"Euderma maculatum, Idionycteris phyllotis","spotted bat, Allen's big-eared bat",
EUPEIDPH,grouping,"Eumops perotis, Idionycteris phyllotis","greater bonneted bat, Allen's big-eared bat",
EUPENYMA,grouping,"Eumops perotis, Nyctinomops macrotis","greater bonneted bat, big free-tailed bat",
EUUNNYFENYMA,grouping,"Eumops underwoodi, Nyctinomops femorosaccus, Nyctinomops macrotis","Underwood's bonneted bat, pocketed free-tailed bat, big free-tailed bat",
EUUNNYMA,grouping,"Eumops underwoodi, Nyctinomops macrotis","Underwood's bonneted bat, big free-tailed bat",
LABOLAFR,grouping,"Lasiurus borealis, Lasiurus frantzii","eastern red bat, desert red bat",
LABOLAFRLASE,grouping,"Lasiurus borealis, Lasiurus frantzii, Lasiurus seminolus","eastern red bat, desert red bat, Seminole bat",
LABOLAIN,grouping,"Lasiurus borealis, Lasiurus intermedius","eastern red bat, northern yellow bat",
LABOLASE,grouping,"Lasiurus borealis, Lasiurus seminolus","eastern red bat, Seminole bat",
LABOMYLU,grouping,"Lasiurus borealis, Myotis lucifugus","eastern red bat, little brown bat",
LABONYHU,grouping,"Lasiurus borealis, Nycticeus humeralis","eastern red bat, evening bat",
LABOPESU,grouping,"Lasiurus borealis, Perimyotis subflavus","eastern red bat, tricolored bat",
LACILANO,grouping,"Lasiurus cinereus, Lasionycteris noctivagans","hoary bat, silver-haired bat",
LACINYFE,grouping,"Lasiurus cinereus, Nyctinomops femorosaccus","hoary bat, pocketed free-tailed bat",
LACITABR,grouping,"Lasiurus cinereus, Tadarida brasiliensis","hoary bat, Brazilian free-tailed bat",
LAFRLAXA,grouping,"Lasiurus frantzii, Lasiurus xanthinus","desert red bat, western yellow bat",
LAFRPAHE,grouping,"Lasiurus frantzii, Parastrellus hesperus","desert red bat, canyon bat",
LANOTABR,grouping,"Lasiurus noctivagans, Tadarida brasiliensis","silver-haired bat, Brazilian free-tailed bat",
LESP,grouping,Leptonycteris spp.,unknown species in the Leptonycteris genus,
MYARMYEV,grouping,"Myotis auriculus, Myotis evotis","southwestern myotis, long-eared myotis",
MYAUMYLE,grouping,"Myotis austroriparius, Myotis leibii","southeastern myotis, eastern small-footed myotis",
MYAUMYSO,grouping,"Myotis austroriparius, Myotis sodalis","southeastern myotis, Indiana bat",
MYCAMYCI,grouping,"Myotis californicus, Myotis ciliolabrum","California myotis, western small-footed myotis",
MYCAMYYU,grouping,"Myotis californicus, Myotis yumanensis","California myotis, Yuma myotis",
MYCIMYLU,grouping,"Myotis ciliolabrum, Myotis lucifugus","western small-footed myotis, little brown bat",
MYCIMYVO,grouping,"Myotis ciliolabrum, Myotis volans","western small-footed myotis, long-legged myotis",
MYEVMYKE,grouping,"Myotis evotis, Myotis keenii","long-eared myotis, Keen's myotis",
MYEVMYSE,grouping,"Myotis evotis, Myotis septentrionalis","long-eared myotis, northern long-eared bat",
MYEVMYTH,grouping,"Myotis evotis, Myotis thysanodes","long-eared myotis, fringed myotis",
MYLUMYOC,grouping,"Myotis lucifugus, Myotis occultus","little brown bat, Arizona myotis",
MYLUMYSE,grouping,"Myotis lucifugus, Myotis septentrionalis","little brown bat, northern long-eared bat",
MYLUMYSO,grouping,"Myotis lucifugus, Myotis sodalis","little brown bat, Indiana bat",
MYLUMYVE,grouping,"Myotis lucifugus, Myotis velifer","little brown bat, cave bat myotis",
MYLUMYVO,grouping,"Myotis lucifugus, Myotis volans","little brown bat, long-legged myotis",
MYLUMYYU,grouping,"Myotis lucifugus, Myotis yumanensis","little brown bat, Yuma myotis",
MYSEMYSO,grouping,"Myotis septentrionalis, Myotis sodalis","northern long-eared bat, Indiana bat",
MYSP,grouping,Myotis spp.,unknown species in the Myotis genus,
NYFENYMA,grouping,"Nyctinomops femorosaccus, Nyctinomops macrotis","pocketed free-tailed bat, big free-tailed bat",
NYFETABR,grouping,"Nyctinomops femorosaccus, Tadarida brasiliensis","pocketed free-tailed bat, Brazilian free-tailed bat",
NYSP,grouping,Nyctinomops spp.,unknown species in the Nyctinomops genus,
PAHEPESU,grouping,"Parastrellus hesperus, Perimyotis subflavus","canyon bat, tri-colored bat",
lt20k,frequency,,,Various species with pulses having a minimum frequency lower than ~20 kHz.
25k,frequency,,,Various species with pulses that have a minimum frequency of approximately 15-25 kHz.
40k,frequency,,,Various species with pulses that have a minimum frequency of approximately 35-45 kHz.
40kMyo,frequency,,,Various species of Myotis with pulses that have a minimum frequency of approximately 35-45 kHz.
40kMyoMyvo,frequency,,,Myotis volans or other species of Myotis with pulses that have a minimum frequency of approximately 35-45 kHz.
50k,frequency,,,Various species with pulses that have a minimum frequency of approximately 50 kHz.
HighF or HiF,frequency,,,Various species with pulses having a minimum frequency higher than ~30 kHz.
LowF or LoF,frequency,,,Various species with pulses having a minimum frequency lower than ~30 kHz.
HiLo,frequency,,,Two or more bats from distinct frequency classes vocalizing simultaneously within a recording.
NoID,non_id,,,"A bat; not identified to species, grouping, or frequency class."
NOISE,non_id,,,"Indistinct, static noise."
NOTBAT,non_id,,,Discrete noise not attributable to a bat.
NOBAT,non_id,,,Discrete noise not attributable to a bat.
